name,hero_key,element,stars,banners,skill1_name,skill1_type,skill1_power,skill1_target,skill2_name,skill2_type,skill2_power,skill2_target,skill3_name,skill3_type,skill3_power,skill3_target,skill3_condition,skill3_value,passive_name,passive_type,passive_power,passive_target,base_hp,base_atk,base_def,base_matk,base_mdef,base_speed,crit_chance,crit_damage,skill1_effects,skill2_effects,skill3_effects,passive_effects,skill1_cooldown,skill2_cooldown,skill3_cooldown
Elen Hart,elen_hart,Blaze,6,torch_of_the_moonlight,Cinder Mark,damage,1.1,two_enemies,Crimson Veil,damage,1.3,all_enemies,Scarlet Eclipse,damage,3.0,enemy,resolve_min,60,Ashen Resolve,resolve_on_burn,6,self,466,27,27,175,68,59,12,163,damage:1.1:two_enemies|burn:1:two_enemies,damage:1.3:all_enemies|burn:1:all_enemies,damage:3.0:enemy|consume_resolve:60:self|enter_lantern:2:self,,,,
Nyx,nyx,Shade,6,festival_of_blood_moon,Scythe Swing,damage,0.9,enemy,Blood Rain,damage,1.1,all_enemies,Night Of Blood Moon,damage,2.5,all_enemies,auto_only,0,Blood Debt,blood_debt,0.05,self,1668,116,210,44,137,32,8,161,hp_cost:0.05:self|blood_debt:1:self|damage:0.9:enemy,damage:1.1:all_enemies|lifesteal_total:0.25:self,damage:2.5:all_enemies,blood_debt:0.05:self,,,
Rhaiven,rhaiven,Drift,5,the_white_fang,Ethereal Fang,damage,1,all_midback,Gale Fang,damage,1.3,enemy,Twin Storm,damage,1.7,lowest_backline,chance,0.5,Snowy Gaze,buff_speed,0.15,self,1007,448,79,47,47,97,20,183,damage:1:all_midback,damage:1.3:enemy|debuff_def:0.20:enemy:2,damage:1.7:lowest_backline|lifesteal_total:0.30:self,buff_speed:0.15:self,,,
Lys,lys,Dawn,5,,Radiant Light,damage,1,enemy,Sanctuary,heal,0.6,ally,Halo's Grace,heal,1.2,ally,,,Eternal Light,buff_mdef,0.15,self,979,29,154,279,224,44,6,160,damage:1:enemy,heal:0.6:ally,heal:1:all_allies,buff_mdef:0.15:self,,,
Lovelace,lovelace,Teal,5,,Tidal Waltz,damage,1,enemy,Mirror Current,debuff_atk,0.2,enemy,Abyssal Bloom,heal,0.7,all_allies,turn_min,3,Velvet Tide,buff_matk,0.1,self,1226,50,155,302,231,55,5,160,damage:1:enemy,debuff_atk:0.2:enemy,heal:0.7:all_allies,buff_matk:0.1:self,,,
Vale,vale,Teal,4,,Tidal Lance,damage,1,enemy,Aqua Veil,buff_def,0.15,self,Abyssal Surge,damage,1.6,enemy,,,Flowing Current,buff_speed,0.1,self,577,38,114,123,130,40,6,160,damage:1:enemy,buff_def:0.15:self,damage:1.6:enemy,buff_speed:0.1:self,,,
Keil,keil,Rust,4,,Boulder Crush,damage,1,enemy,Stone Wall,buff_def,0.25,self,Quake Step,damage,1.5,enemy,,,Unshaken,buff_def,0.1,self,1472,94,223,29,145,29,4,155,damage:1:enemy,buff_def:0.25:self,damage:1.5:enemy,buff_def:0.1:self,,,
Fernwick,fernwick,Drift,4,,Gale Cutter,damage,1,enemy,Tailwind,buff_speed,0.2,self,Cyclone Dive,damage,1.7,enemy,chance,0.4,Featherlight,buff_speed,0.1,self,373,30,30,154,36,72,17,167,damage:1:enemy,buff_speed:0.2:self,damage:1.7:enemy,buff_speed:0.1:self,,,
Nahilra,nahilra,Shade,6,,Gaze of Stone,damage_atk,0.7,enemy,Grasp of Ruin,damage_atk,0.8,enemy,Monument of Silence,damage_atk,1.2,all_enemies,petrify_since_ultimate,,,,,,1132,160,120,54,201,49,8,161,damage_atk:0.7:enemy|petrify:1:enemy@chance:0.3,damage_atk:0.8:enemy|slow:0.2:enemy:2,damage_atk:1.2:all_enemies|petrify:1:enemy,,,,
Cinderwind,cinderwind,Blaze,5,,Phoenix Strike,damage,0.8,enemy,Flamebound,flamebound,1,self,Vermilion Rebirth,damage,1.6,all_enemies,,,Phoenix's Wrath,phoenix_wrath,2,self,915,344,62,62,79,77,18,177,damage_atk:0.8:enemy,flamebound:1:self,damage_atk:1.6:all_enemies|burn:1:all_enemies,,,,
Morran,morran,Rust,5,,Wedge strike,,,,,,,,,,,,,,,,,,2435,304,285,304,285,50,,,,,,,,,
Corvayne,corvayne,Shade,6,,Blackwing Rend,damage,1.5,same_slot,Omen Feather,damage,1.15,two_enemies,Thousand-fold Raven,damage,2.4,all_enemies,turn_min,3,Storm Perch,storm_perch,0.2,self,1260,162,143,162,143,53,15,175,damage:1.5:same_slot,damage:1.15:two_enemies|tear:1:two_enemies:2,damage:2.4:enemy|damage:0.6:other_enemies,,,,
Sairen,sairen,Drift,6,,Gale Sever,damage_atk,1.1,enemy,Silent Storm,buff_def,0.15,self,Mantis Storm,damage_atk,2.0,enemy,,,Wind Step,killing_instinct,0,self,1183,153,133,153,133,53,20,190,damage_atk:1.10:enemy,buff_def:0.15:self:1|buff_mdef:0.15:self:1,damage_atk:2.0:enemy|damage_atk:0.6:enemy@if_status:tear,,,,
Veyra,veyra,Rust,6,,Earth Piller,damage,1,two_enemies,Silken Bind,damage,0.8,three_enemies,Spider's Nest,damage,1.2,all_enemies,,,,,,,1153,148,131,148,131,53,,,,,,,,,
Sana,sana,Teal,5,,Riptide,damage,1.25,three_enemies,Sunken Tendrils,damage,1.10,four_enemies,Moonfall Blossom,damage,1.30,all_enemies,hp_below,0.5,,,,,1761,221,204,221,204,50,,,damage:1.25:three_enemies,damage:1.10:four_enemies|slow:0.10:four_enemies:2,damage:1.30:all_enemies|buff_atk:0.30:all_allies:1|buff_matk:0.30:all_allies:1,,2,2,3
